family	class	entry	exit	trail	ind	special	rel
BotCreateUi2.xaml.cs	BotCreateUi2						BotCreateUi2.xaml.cs
BotFactory.cs	BotFactory						BotFactory.cs
Monitors	MonitorHighLow	BuyAtMarketx1,SellAtMarketx1	CloseAtMarketx4,CloseAtProfitMarketx2,CloseAtStopMarketx2		pricechannel		Monitors/MonitorHighLow.cs
Monitors	MonitorImpulse	BuyAtMarketx2,SellAtMarketx2	CloseAtMarketx4,CloseAtProfitMarketx2,CloseAtStopMarketx2				Monitors/MonitorImpulse.cs
Monitors	MonitorRsi	BuyAtMarketx2,SellAtMarketx2	CloseAtMarketx4,CloseAtProfitMarketx2,CloseAtStopMarketx2		rsi,rsivalues		Monitors/MonitorRsi.cs
Monitors	MonitorVolume	BuyAtMarketx1,SellAtMarketx1	CloseAtMarketx4,CloseAtProfitMarketx2,CloseAtStopMarketx2		atr,ema,keltner,keltnerchannel		Monitors/MonitorVolume.cs
OnScriptIndicators	BbPowerTrade	BuyAtLimitx2,SellAtLimitx2	CloseAtLimitx2				OnScriptIndicators/BbPowerTrade.cs
OnScriptIndicators	BollingerRevers	BuyAtLimitx2,SellAtLimitx2	CloseAtLimitx2		bollinger,bollingerdownline,bollingerrevers,bollingerupline,sma		OnScriptIndicators/BollingerRevers.cs
OnScriptIndicators	BollingerTrailing	BuyAtLimitx1,SellAtLimitx1	CloseAtTrailingStopx2	Y	bollinger,bollingerdownline,bollingertrailing,bollingerupline		OnScriptIndicators/BollingerTrailing.cs
OnScriptIndicators	CciTrade	BuyAtLimitx2,SellAtLimitx2	CloseAtLimitx2		cci,cciarea,ccitrade		OnScriptIndicators/CciTrade.cs
OnScriptIndicators	FundBalanceDivergenceBot	BuyAtMarketx1,SellAtMarketx1	CloseAtMarketx1				OnScriptIndicators/FundBalanceDivergenceBot.cs
OnScriptIndicators	MacdRevers	BuyAtLimitx2,SellAtLimitx2	CloseAtLimitx2		macd,macdarea,macdrevers		OnScriptIndicators/MacdRevers.cs
OnScriptIndicators	MacdTrail	BuyAtLimitx1,SellAtLimitx1	CloseAtTrailingStopx2	Y	macd,macdarea,macdline,macdtrail		OnScriptIndicators/MacdTrail.cs
OnScriptIndicators	OneLegArbitrage	BuyAtLimitx2,SellAtLimitx2	CloseAtMarketx4		sma	SPECIAL	OnScriptIndicators/OneLegArbitrage.cs
OnScriptIndicators	PairRsiTrade	BuyAtMarketx2,SellAtMarketx2	CloseAllPositionsx3,CloseAtMarketx2		rsi,rsi1,rsi1_area,rsi2,rsi2_area,rsione,rsispread,rsitwo		OnScriptIndicators/PairRsiTrade.cs
OnScriptIndicators	PriceChannelBreak	BuyAtLimitx1,SellAtLimitx1	CloseAtProfitx2,CloseAtStopx2		pricechannel,pricechannelbreak		OnScriptIndicators/PriceChannelBreak.cs
OnScriptIndicators	PriceChannelVolatility	BuyAtStopx2,BuyAtStopCancelx2,SellAtStopx2,SellAtStopCancelx2	CloseAtTrailingStopx2	Y	atr,pricechannel,pricechannelvolatility		OnScriptIndicators/PriceChannelVolatility.cs
OnScriptIndicators	RsiTrade	BuyAtLimitx2,SellAtLimitx2	CloseAtLimitx2		rsi,rsiarea,rsisecond,rsitrade		OnScriptIndicators/RsiTrade.cs
OnScriptIndicators	RviTrade	BuyAtLimitx2,SellAtLimitx2	CloseAtLimitx2		macdarea,rvi,rviarea,rvitrade,rvitrade_parametrschangebyuser		OnScriptIndicators/RviTrade.cs
OnScriptIndicators	SmaTrendSample	BuyAtLimitx1,SellAtLimitx1	CloseAtTrailingStopx1	Y	envelop,envelops,sma		OnScriptIndicators/SmaTrendSample.cs
OnScriptIndicators	TimeOfDayBot	BuyAtLimitx1,SellAtLimitx1	CloseAtProfitx1,CloseAtStopx1				OnScriptIndicators/TimeOfDayBot.cs
Options	OptionsSpread	BuyAtMarketx2,SellAtMarketx2	CloseAtMarketx1			SPECIAL	Options/OptionsSpread.cs
SyntheticBond	SyntheticBondsArbitrage	BuyAtMarketx4,SellAtMarketx3	CloseAtMarketx3		highest	SPECIAL	SyntheticBond/SyntheticBondsArbitrage.cs
SyntheticBond	SyntheticBondsCurveArbitrage	BuyAtMarketx3,SellAtMarketx2	CloseAtMarketx3		highest	SPECIAL	SyntheticBond/SyntheticBondsCurveArbitrage.cs
SyntheticBond	SyntheticBondsCurveMonitor	BuyAtMarketx1,SellAtMarketx1	CloseAllByBondx2,CloseAtMarketx1			SPECIAL	SyntheticBond/SyntheticBondsCurveMonitor.cs
SyntheticBond	SyntheticBondsCurveMonitorOpenUi					SPECIAL	SyntheticBond/SyntheticBondsCurveMonitorOpenUi.xaml.cs
SyntheticBond	SyntheticBondsScalper	BuyAtLimitx2,BuyAtLimitToPositionx1,BuyAtMarketx1,BuyAtMarketToPositionx1,SellAtLimitx1	CloseAllOrderToPositionx4,CloseAtLimitx3,CloseAtMarketx6			SPECIAL	SyntheticBond/SyntheticBondsScalper.cs
PositionsMicromanagement	AlligatorTrendAverage	BuyAtMarketx1,BuyAtMarketToPositionx2,SellAtMarketx1,SellAtMarketToPositionx2	CloseAtMarketx2		alligator,alligatortrendaverage		PositionsMicromanagement/AlligatorTrendAverage.cs
PositionsMicromanagement	CandlesTurnaroundPattern	BuyAtMarketx1	CloseAtLimitx3,CloseAtStopMarketx1		atr,highest,sma		PositionsMicromanagement/CandlesTurnaroundPattern.cs
PositionsMicromanagement	CustomIcebergSample	BuyAtMarketx2,BuyAtMarketToPositionx1,SellAtMarketx2,SellAtMarketToPositionx1	CloseAtMarketx2		bollinger,bollingerdown,bollingerup		PositionsMicromanagement/CustomIcebergSample.cs
PositionsMicromanagement	EnvelopsCountertrend	BuyAtMarketx1,BuyAtStopMarketx2,SellAtMarketx1,SellAtStopMarketx2	CloseAtProfitMarketx1,CloseAtStopMarketx1		envelops,envelopscountertrend		PositionsMicromanagement/EnvelopsCountertrend.cs
PositionsMicromanagement	PriceChannelCounterTrend	BuyAtMarketx2,SellAtMarketx2	CloseAtLimitx2,CloseAtStopMarketx1		pricechannel,pricechannelcountertrend		PositionsMicromanagement/PriceChannelCounterTrend.cs
PositionsMicromanagement	TwoEntrySample	BuyAtMarketx2	CloseAtTrailingStopMarketx2	Y	envelop,envelops,enveloptrend_parametrschangebyuser,pricechannel		PositionsMicromanagement/TwoEntrySample.cs
PositionsMicromanagement	UnsafeAveragePosition	BuyAtLimitToPositionUnsafex3,BuyAtMarketx1,SellAtLimitToPositionUnsafex3,SellAtMarketx1	CloseAtProfitMarketx1,CloseAtStopMarketx1		envelops		PositionsMicromanagement/UnsafeAveragePosition.cs
PositionsMicromanagement	UnsafeLimitsClosingSample	BuyAtMarketx1,SellAtMarketx1	CloseAtLimitUnsafex3,CloseAtStopMarketx1		envelops		PositionsMicromanagement/UnsafeLimitsClosingSample.cs
Sectors	SectorsSetAlligatorTurtle	BuyAtStopCancelx3,BuyAtStopMarketIcebergx1	CloseAtStopMarketIcebergx1		alligator,pricechannel,rsi,rsivalue,williams	SPECIAL	Sectors/SectorsSetAlligatorTurtle.cs
Sectors	SectorsSetBollingerMomentum	BuyAtStopCancelx3,BuyAtStopMarketIcebergx1	CloseAtStopMarketIcebergx1		bollinger,bollingercentre,bollingerdown,bollingerup,envelop,envelops,envelopup,momentum	SPECIAL	Sectors/SectorsSetBollingerMomentum.cs
CurrencyArbitrage	CurrencyArbitrageClassic					SPECIAL	CurrencyArbitrage/CurrencyArbitrageClassic.cs
CurrencyArbitrage	CurrencyMoveExplorer					SPECIAL	CurrencyArbitrage/CurrencyMoveExplorer.cs
Patterns	CandlePatternBoost	BuyAtMarketx1,BuyAtStopCancelx1,SellAtMarketx1,SellAtStopCancelx1	CloseAtLimitx2,CloseAtTrailingStopx2	Y	sma		Patterns/CandlePatternBoost.cs
Patterns	CustomCandlesImpulseTrader	BuyAtLimitx1,SellAtLimitx1	CloseAtLimitx2				Patterns/CustomCandlesImpulseTrader.cs
Patterns	PinBarTrade	BuyAtLimitx1,SellAtLimitx1	CloseAtTrailingStopx1	Y	sma		Patterns/PinBarTrade.cs
Patterns	PivotPointsRobot	BuyAtLimitx1,SellAtLimitx1	CloseAtLimitx2,CloseAtMarketx2		pivot,pivotfloor,pivotpointsrobot,pivotpointsrobotui		Patterns/PivotPointsRobot.cs
Patterns	PivotPointsRobotUi				pivotpointsrobot,pivotpointsrobotui		Patterns/PivotPointsRobotUi.xaml.cs
Patterns	ThreeSoldier	BuyAtLimitx1,SellAtLimitx1	CloseAtProfitx2,CloseAtStopx2				Patterns/ThreeSoldier.cs
Patterns	ThreeSoldierVolatilityAdaptive	BuyAtLimitx1,SellAtLimitx1	CloseAtProfitx2,CloseAtStopx2				Patterns/ThreeSoldierVolatilityAdaptive.cs
Patterns	VolatilityAdaptiveCandlesTrader	BuyAtLimitx1,SellAtLimitx1	CloseAtTrailingStopx2	Y			Patterns/VolatilityAdaptiveCandlesTrader.cs
BotsFromStartLessons	Lesson1HelloWorld						BotsFromStartLessons/Lesson1HelloWorld.cs
BotsFromStartLessons	Lesson2Bot1						BotsFromStartLessons/Lesson2Bot1.cs
BotsFromStartLessons	Lesson2Bot2				bollinger,bollingerdeviation,sma		BotsFromStartLessons/Lesson2Bot2.cs
BotsFromStartLessons	Lesson3Bot1	BuyAtMarketx1	CloseAtTrailingStopMarketx1	Y	lowest		BotsFromStartLessons/Lesson3Bot1.cs
BotsFromStartLessons	Lesson3Bot2	BuyAtLimitx1	CloseAtMarketx1		sma		BotsFromStartLessons/Lesson3Bot2.cs
BotsFromStartLessons	Lesson3Bot3	BuyAtMarketx1	CloseAtMarketx1		sma		BotsFromStartLessons/Lesson3Bot3.cs
BotsFromStartLessons	Lesson4Bot1	BuyAtMarketx1	CloseAtMarketx1		sma		BotsFromStartLessons/Lesson4Bot1.cs
BotsFromStartLessons	Lesson5Bot1	BuyAtMarketx1,SellAtMarketx1	CloseAtMarketx1		sma		BotsFromStartLessons/Lesson5Bot1.cs
BotsFromStartLessons	Lesson5Bot2	BuyAtMarketx1,BuyAtMarketToPositionx1	CloseAtTrailingStopMarketx1	Y	alligator,pricechannel		BotsFromStartLessons/Lesson5Bot2.cs
BotsFromStartLessons	Lesson6Bot1	BuyAtStopx3	CloseAtTrailingStopx1	Y	atr,atrvalue,bollinger,bollingerdownline,bollingerupline		BotsFromStartLessons/Lesson6Bot1.cs
BotsFromStartLessons	Lesson7Bot1	BuyAtMarketx1	CloseAtTrailingStopMarketx1	Y	sma		BotsFromStartLessons/Lesson7Bot1.cs
BotsFromStartLessons	Lesson8Bot1	BuyAtLimitx1	CloseAtProfitMarketx1,CloseAtStopMarketx1				BotsFromStartLessons/Lesson8Bot1.cs
BotsFromStartLessons	Lesson8Bot2	BuyAtStopx1	CloseAtTrailingStopMarketx1	Y			BotsFromStartLessons/Lesson8Bot2.cs
BotsFromStartLessons	Lesson9Bot1	BuyAtFakex2,BuyAtIcebergx2,BuyAtIcebergMarketx2,BuyAtLimitx2,BuyAtMarketx2,BuyAtStopx3,BuyAtStopCancelx2,BuyAtStopMarketx1,SellAtFakex2,SellAtIcebergx2,SellAtIcebergMarketx2,SellAtLimitx2,SellAtMarketx2,SellAtStopx3,SellAtStopCancelx2,SellAtStopMarketx1	CloseAllOrderToPositionx1,CloseAtMarketx1				BotsFromStartLessons/Lesson9Bot1.cs
BotsFromStartLessons	Lesson9Bot2	BuyAtIcebergToPositionx1,BuyAtIcebergToPositionMarketx1,BuyAtLimitToPositionx1,BuyAtLimitToPositionUnsafex1,BuyAtMarketx1,BuyAtMarketToPositionx2,BuyAtStopCancelx1,SellAtIcebergToPositionx1,SellAtIcebergToPositionMarketx1,SellAtLimitToPositionx1,SellAtLimitToPositionUnsafex1,SellAtMarketx1,SellAtMarketToPositionx2,SellAtStopCancelx1	CloseAllOrderToPositionx1,CloseAtMarketx1				BotsFromStartLessons/Lesson9Bot2.cs
BotsFromStartLessons	Lesson9Bot3	BuyAtMarketx1,SellAtMarketx1	CloseAllAtMarketx2,CloseAllOrderToPositionx4,CloseAtFakex2,CloseAtIcebergx2,CloseAtIcebergMarketx2,CloseAtLimitx2,CloseAtLimitUnsafex1,CloseAtMarketx2				BotsFromStartLessons/Lesson9Bot3.cs
BotsFromStartLessons	Lesson9Bot4	BuyAtMarketx1,SellAtMarketx1	CloseAllOrderToPositionx7,CloseAtMarketx2,CloseAtProfitx2,CloseAtProfitLimitMethodx2,CloseAtProfitMarketx2,CloseAtProfitMarketMethodx2,CloseAtStopx2,CloseAtStopLimitMethodx2,CloseAtStopMarketx2,CloseAtStopMarketMethodx2,CloseAtTrailingStopx2,CloseAtTrailingStopLimitMethodx2,CloseAtTrailingStopMarketx2,CloseAtTrailingStopMarketMethodx2	Y			BotsFromStartLessons/Lesson9Bot4.cs
BotsFromStartLessons	Lesson9Bot5	BuyAtLimitx5	CloseAllOrderInSystemx2,CloseAllOrderToPositionx2				BotsFromStartLessons/Lesson9Bot5.cs
FuturesScreeners	FuturesScreenerLrAdaPc	BuyAtStopCancelx1,BuyAtStopMarketIcebergx1,SellAtStopCancelx1,SellAtStopMarketIcebergx1	CloseAtIcebergMarketx1,CloseAtStopMarketIcebergx2		adx,pricechannel,pricechanneladaptive,regression	SPECIAL	FuturesScreeners/FuturesScreenerLrAdaPc.cs
FuturesScreeners	FuturesScreenerLrSma	BuyAtIcebergMarketx1,SellAtIcebergMarketx1	CloseAtIcebergMarketx1		regression,sma	SPECIAL	FuturesScreeners/FuturesScreenerLrSma.cs
Screeners	BollingerMomentumScreener	BuyAtLimitx1	CloseAtTrailingStopx1	Y	bollinger,bollingermomentumscreener,momentum	SPECIAL	Screeners/BollingerMomentumScreener.cs
Screeners	LinearRegressionFastScreener	BuyAtIcebergMarketx1	CloseAtIcebergMarketx1		adx,adxlast,regression,sma	SPECIAL	Screeners/LinearRegressionFastScreener.cs
Screeners	PinBarScreener	BuyAtLimitx1,SellAtLimitx1	CloseAtTrailingStopx1	Y	sma	SPECIAL	Screeners/PinBarScreener.cs
Screeners	PinBarVolatilityScreener	BuyAtMarketx1,SellAtMarketx1	CloseAtTrailingStopMarketx2	Y	sma	SPECIAL	Screeners/PinBarVolatilityScreener.cs
Screeners	PlateDetectorScreener	BuyAtLimitx1	CloseAllOrderToPositionx2,CloseAtLimitx1,CloseAtMarketx1			SPECIAL	Screeners/PlateDetectorScreener.cs
Screeners	PriceChannelAdaptiveRsiScreener	BuyAtMarketx1	CloseAtTrailingStopMarketx1	Y	adx,pricechannel,pricechanneladaptive,pricechanneladaptiversiscreener,rsi,rsiscreener,sma	SPECIAL	Screeners/PriceChannelAdaptiveRsiScreener.cs
Screeners	PumpDetectorScreener	BuyAtMarketx1	CloseAtProfitMarketx1,CloseAtStopMarketx1			SPECIAL	Screeners/PumpDetectorScreener.cs
Screeners	SmaScreener	BuyAtLimitx1	CloseAtTrailingStopx1	Y	sma	SPECIAL	Screeners/SmaScreener.cs
Screeners	ThreeSoldierAdaptiveScreener	BuyAtLimitx1,SellAtLimitx1	CloseAtProfitx2,CloseAtStopx2		sma	SPECIAL	Screeners/ThreeSoldierAdaptiveScreener.cs
PairArbitrage	PairCointegrationSideTrader					SPECIAL	PairArbitrage/PairCointegrationSideTrader.cs
PairArbitrage	PairCorrelationNegative					SPECIAL	PairArbitrage/PairCorrelationNegative.cs
PairArbitrage	PairCorrelationTrader					SPECIAL	PairArbitrage/PairCorrelationTrader.cs
MarketMaker	MarketMakerBot	BuyAtMarketx1,BuyAtMarketToPositionx1,SellAtMarketx1,SellAtMarketToPositionx1	CloseAllAtMarketx1,CloseAtMarketx4			SPECIAL	MarketMaker/MarketMakerBot.cs
MarketMaker	MarketMakerBotUi					SPECIAL	MarketMaker/MarketMakerBotUi.xaml.cs
MarketMaker	PairTraderSimple	BuyAtLimitx2,SellAtLimitx2	CloseAtLimitx2			SPECIAL	MarketMaker/PairTraderSimple.cs
MarketMaker	PairTraderSimpleUi					SPECIAL	MarketMaker/PairTraderSimpleUi.xaml.cs
MarketMaker	PairTraderSpreadSma	BuyAtLimitx2,SellAtLimitx2	CloseAtLimitx4		sma	SPECIAL	MarketMaker/PairTraderSpreadSma.cs
MarketMaker	PairTraderSpreadSmaUi					SPECIAL	MarketMaker/PairTraderSpreadSmaUi.xaml.cs
MarketMaker	TwoLegArbitrage	BuyAtLimitx1,SellAtLimitx1	CloseAtLimitx2		rsi,rsiarea,rsilength	SPECIAL	MarketMaker/TwoLegArbitrage.cs
Trend	BreakLinearRegressionChannel	BuyAtMarketx1,BuyAtStopCancelx1,SellAtMarketx1,SellAtStopCancelx1	CloseAtStopx2		pricechannel,regression,sma		Trend/BreakLinearRegressionChannel.cs
Trend	EnvelopTrend	BuyAtStopx1,BuyAtStopCancelx1,SellAtStopx1,SellAtStopCancelx1	CloseAtTrailingStopx4	Y	envelop,envelops,enveloptrend,enveloptrend_parametrschangebyuser		Trend/EnvelopTrend.cs
Trend	MomentumMacd	BuyAtLimitx2,SellAtLimitx2	CloseAtLimitx2		macd,macdarea,macdline,momentum,momentumarea,momentummacd,momentummacd_parametrschangebyuser,sma		Trend/MomentumMacd.cs
Trend	ParabolicBollinger	BuyAtStopx1,BuyAtStopCancelx1,SellAtStopx1,SellAtStopCancelx1	CloseAtTrailingStopx2	Y	bollinger,parabolic,parabolicbollinger,parabolicbollinger_indicator,sma		Trend/ParabolicBollinger.cs
Trend	ParabolicPriceChannel	BuyAtStopx1,BuyAtStopCancelx1,SellAtStopx1,SellAtStopCancelx1	CloseAtTrailingStopx2	Y	parabolic,parabolicpc,parabolicpricechannel,parabolicpricechannel_indicator,pricechannel,sma		Trend/ParabolicPriceChannel.cs
Trend	ParabolicSarTrade	BuyAtLimitx2,SellAtLimitx2	CloseAtLimitx2		parabolic,parabolicsar,parabolicsartrade,parabolicsartrade_parametrschangebyuser,parabolicsartrade_vkcommandevent		Trend/ParabolicSarTrade.cs
Trend	PriceChannelTrade	BuyAtLimitx2,SellAtLimitx2	CloseAtLimitx2		pricechannel,pricechanneltrade,pricechanneltradeui		Trend/PriceChannelTrade.cs
Trend	PriceChannelTradeUi				pricechanneltrade,pricechanneltradeui		Trend/PriceChannelTradeUi.xaml.cs
Trend	SmaStochastic	BuyAtLimitx1,SellAtLimitx1	CloseAtLimitx2		sma,stochastic		Trend/SmaStochastic.cs
Trend	SmaStochasticUi				sma		Trend/SmaStochasticUi.xaml.cs
Trend	StrategyBillWilliams	BuyAtLimitx2,SellAtLimitx2	CloseAtLimitx2		alligator,alligatorfastlinelength,alligatormiddlelinelength,alligatorslowlinelength,fractal,williams		Trend/StrategyBillWilliams.cs
Trend	TwoTimeFramesBot	BuyAtMarketx1	CloseAtMarketx1		pricechannel,sma		Trend/TwoTimeFramesBot.cs
VolatilityStageRotationSamples	BollingerTrendVolatilityStagesFilter	BuyAtMarketx1,SellAtMarketx1	CloseAtTrailingStopMarketx2	Y	bollinger,bollingertrendvolatilitystagesfilter,sma		VolatilityStageRotationSamples/BollingerTrendVolatilityStagesFilter.cs
VolatilityStageRotationSamples	PriceChannelScreenerOnIndexVolatility	BuyAtMarketx1,SellAtMarketx1	CloseAtTrailingStopMarketx2	Y	atr,atrgrowpercent,atrlast,atrlookback,pricechannel,pricechannelscreeneronindexvolatility,pricechannelscreeneronindexvolatility_parametrschangebyuser,sma	SPECIAL	VolatilityStageRotationSamples/PriceChannelScreenerOnIndexVolatility.cs
VolatilityStageRotationSamples	PriceChannelTrendAtrFilter	BuyAtMarketx1,SellAtMarketx1	CloseAtTrailingStopMarketx2	Y	atr,atrarea,atrfilter,atrgrowlookback,atrgrowpercent,atrlast,atrlookback,pricechannel		VolatilityStageRotationSamples/PriceChannelTrendAtrFilter.cs
VolatilityStageRotationSamples	ZigZagChannelScreenerRsiFilter	BuyAtMarketx1	CloseAtMarketx1,CloseAtTrailingStopx1	Y	rsi,rsifilter,rsivalue,sma,zigzag,zigzagchannel,zigzagchannel_indicator,zigzagchannelscreenerrsifilter	SPECIAL	VolatilityStageRotationSamples/ZigZagChannelScreenerRsiFilter.cs
NewsBots	NewsAIBot	BuyAtMarketx1,SellAtMarketx1	CloseAtProfitMarketx1,CloseAtStopMarketx1			SPECIAL	NewsBots/NewsAIBot.cs
NewsBots	TelegramCryptoXBot	BuyAtLimitx1,BuyAtMarketx1,SellAtLimitx1,SellAtMarketx1	CloseAtLimitUnsafex1,CloseAtStopMarketx4			SPECIAL	NewsBots/TelegramCryptoXBot.cs
SpeculantSet	SpeculantSetAtrKeltner	BuyAtStopCancelx3,BuyAtStopMarketIcebergx1,SellAtStopCancelx3,SellAtStopMarketIcebergx1	CloseAtStopMarketIcebergx2		atr,atrgrows,atrpercentback,atrpercentlast,bollinger,bollingerdown,bollingerup,ema		SpeculantSet/SpeculantSetAtrKeltner.cs
SpeculantSet	SpeculantSetMomentumAdaPc	BuyAtStopCancelx3,BuyAtStopMarketIcebergx1,SellAtStopCancelx3,SellAtStopMarketIcebergx1	CloseAtStopMarketIcebergx2		adx,envelop,envelopdown,envelops,envelopup,momentum,pricechanneladaptive		SpeculantSet/SpeculantSetMomentumAdaPc.cs
AlgoStart	AlgoStart1LinearRegression	BuyAtIcebergMarketx1	CloseAtIcebergMarketx1		regression,sma		AlgoStart/AlgoStart1LinearRegression.cs
AlgoStart	AlgoStart2Soldiers	BuyAtIcebergMarketx1	CloseAtIcebergMarketx2		sma		AlgoStart/AlgoStart2Soldiers.cs
AlgoStart	AlgoStart3PriceChannel	BuyAtIcebergMarketx1	CloseAtIcebergMarketx1		adx,pricechannel,pricechanneladaptive,sma		AlgoStart/AlgoStart3PriceChannel.cs
AlgoStart	AlgoStart4Railway	BuyAtIcebergMarketx1	CloseAtIcebergMarketx1		rsi,sma,zigzag,zigzagchannel_indicator,zigzagdownline,zigzagupline		AlgoStart/AlgoStart4Railway.cs
Grids	GridBollinger				bollinger	SPECIAL	Grids/GridBollinger.cs
Grids	GridBollingerScreener				adx,adxlast,bollinger	SPECIAL	Grids/GridBollingerScreener.cs
Grids	GridLinearRegression				regression	SPECIAL	Grids/GridLinearRegression.cs
Grids	GridPair					SPECIAL	Grids/GridPair.cs
Grids	GridScreenerAdaptiveSoldiers				sma	SPECIAL	Grids/GridScreenerAdaptiveSoldiers.cs
Grids	GridTwoSides				atr,atr1	SPECIAL	Grids/GridTwoSides.cs
Grids	GridTwoSignals				bollinger,pricechannel	SPECIAL	Grids/GridTwoSignals.cs
Grids	GridVolumeBollingerRankingScreener				bollinger,bollingerrankingvalue	SPECIAL	Grids/GridVolumeBollingerRankingScreener.cs
FuturesTrend	FuturesTrendBollinger	BuyAtIcebergMarketx1,SellAtIcebergMarketx1	CloseAtIcebergMarketx1		bollinger		FuturesTrend/FuturesTrendBollinger.cs
FuturesTrend	FuturesTrendPriceChannel	BuyAtIcebergMarketx1	CloseAtIcebergMarketx2		adx,pricechannel,pricechanneladaptive		FuturesTrend/FuturesTrendPriceChannel.cs
IndexArbitrage	IndexArbitrageClassic	BuyAtMarketx2,SellAtMarketx2	CloseAllPositionsByMarketx7,CloseAtMarketx2			SPECIAL	IndexArbitrage/IndexArbitrageClassic.cs
IndexArbitrage	MultiExchangePairArbitrageOnTheIndex	BuyAtMarketx1,SellAtMarketx1	CloseAtMarketx5		highest,lowest	SPECIAL	IndexArbitrage/MultiExchangePairArbitrageOnTheIndex.cs
IndexArbitrage	MultiOneLegArbitrageInTrend	BuyAtLimitx1,SellAtLimitx1	CloseAtTrailingStopx1	Y	momentum	SPECIAL	IndexArbitrage/MultiOneLegArbitrageInTrend.cs
IndexArbitrage	MultiOneLegArbitrageMeanReversion	BuyAtLimitx1,SellAtLimitx1	CloseAtLimitx1		momentum	SPECIAL	IndexArbitrage/MultiOneLegArbitrageMeanReversion.cs
TechSamples	AllSourcesInOneSample						TechSamples/AllSourcesInOneSample.cs
TechSamples	BlockIndicatorsOnScreenerSample				atr,bollinger,sma	SPECIAL	TechSamples/BlockIndicatorsOnScreenerSample.cs
TechSamples	BlockIndicatorsSample				atr,atrarea,bollinger,sma		TechSamples/BlockIndicatorsSample.cs
TechSamples	CandlesLoggingSample						TechSamples/CandlesLoggingSample.cs
TechSamples	ChangePriceBotExtStopMarket	BuyAtLimitx1,SellAtLimitx1	CloseAtProfitMarketx2,CloseAtStopMarketx2				TechSamples/ChangePriceBotExtStopMarket.cs
TechSamples	CustomChartInParamWindowSample						TechSamples/CustomChartInParamWindowSample.cs
TechSamples	CustomDataInIndicatorSample						TechSamples/CustomDataInIndicatorSample.cs
TechSamples	CustomParamsUseBotSample	BuyAtMarketx1	CloseAtProfitx1,CloseAtStopx1		atr,atrarea,sma		TechSamples/CustomParamsUseBotSample.cs
TechSamples	CustomTableInParamWindowSample	BuyAtMarketx1,SellAtMarketx1	CloseAtTrailingStopx1	Y			TechSamples/CustomTableInTheParamWindowSample.cs
TechSamples	ElementsOnChartSampleBot				macd,macdarea		TechSamples/ElementsOnChartSampleBot.cs
TechSamples	FakeOutExample	SellAtMarketx1	CloseAllAtMarketx1		pricechannel		TechSamples/FakeOutExample.cs
TechSamples	OpenInterestBotSample	BuyAtMarketx1	CloseAtProfitMarketx1,CloseAtStopMarketx1				TechSamples/OpenInterestBotSample.cs
TechSamples	ServerStopOrdersSample	BuyAtStopCancelx1,BuyAtStopOnServerx1	CloseAtStopOnServerx1				TechSamples/ServerStopOrdersSample.cs
TechSamples	StopByTradeFeedSample	BuyAtLimitx1,SellAtLimitx1	CloseAtTrailingStopx1	Y	pricechannel		TechSamples/StopByTradeFeedSample.cs
TechSamples	TradeLineExample	BuyAtMarketx1	CloseAtMarketx1,CloseAtProfitMarketx2,CloseAtStopMarketx2		zigzag		TechSamples/TradeLineExample.cs
TechSamples	VisualSettingsParametersExample						TechSamples/VisualSettingsParametersExample.cs
FuturesStart	FuturesStart1Bollinger	BuyAtIcebergMarketx1,SellAtIcebergMarketx1	CloseAtIcebergMarketx1		bollinger		FuturesStart/FuturesStart1Bollinger.cs
FuturesStart	FuturesStart2Keltner	BuyAtIcebergMarketx1,SellAtIcebergMarketx1	CloseAtIcebergMarketx1		atr,ema,keltner,keltnerchannel		FuturesStart/FuturesStart2Keltner.cs
CounterTrend	ClusterCountertrend	BuyAtLimitx1,SellAtLimitx1	CloseAtMarketx2				CounterTrend/ClusterCountertrend.cs
CounterTrend	RsiContrtrend	BuyAtLimitx1,SellAtLimitx1	CloseAtLimitx2		rsi,rsiarea,rsicontrtrend,rsicontrtrendui,sma		CounterTrend/RsiContrtrend.cs
CounterTrend	RsiContrtrendUi				rsicontrtrend,rsicontrtrendui,rsidown,rsiup		CounterTrend/RsiContrtrendUi.xaml.cs
CounterTrend	StrategyBollinger	BuyAtLimitx1,SellAtLimitx1	CloseAtLimitx2		bollinger,bollingerdownline,bollingerupline,sma		CounterTrend/StrategyBollinger.cs
CounterTrend	StrategyBollingerUi						CounterTrend/StrategyBollingerUi.xaml.cs
CounterTrend	WilliamsRangeTrade	BuyAtLimitx2,SellAtLimitx2	CloseAtLimitx2		rsi,sma,williams,williamsarea,williamsrange,williamsrangetrade,williamsrangetradeui		CounterTrend/WilliamsRangeTrade.cs
CounterTrend	WilliamsRangeTradeUi				williamsrangetrade,williamsrangetradeui		CounterTrend/WilliamsRangeTradeUi.xaml.cs
AutoTestBots	BotTabSimple_1_OpenStopLimit	BuyAtStopOnServerx3,SellAtStopOnServerx5	CloseAllOrderToPositionx2,CloseAtMarketx1,CloseAtStopOnServerx1				AutoTestBots/ServerTests/BotTabSimple_1_OpenStopLimit.cs
AutoTestBots	BotTabSimple_2_OpenStopMarket	BuyAtStopMarketOnServerx3,SellAtStopMarketOnServerx5	CloseAllOrderToPositionx2,CloseAtMarketx1,CloseAtStopMarketOnServerx1				AutoTestBots/ServerTests/BotTabSimple_2_OpenStopMarket.cs
AutoTestBots	BotTabSimple_3_CloseAtStop	BuyAtMarketx1	CloseAllOrderToPositionx2,CloseAtMarketx1,CloseAtStopMarketOnServerx6,CloseAtStopOnServerx10				AutoTestBots/ServerTests/BotTabSimple_3_CloseAtStop.cs
AutoTestBots	BotTabSimple_4_ToPosition	BuyAtMarketx1,BuyAtStopMarketOnServerToPositionx3,BuyAtStopOnServerToPositionx3,SellAtStopMarketOnServerToPositionx1,SellAtStopOnServerToPositionx2	CloseAllOrderToPositionx2,CloseAtMarketx1				AutoTestBots/ServerTests/BotTabSimple_4_ToPosition.cs
AutoTestBots	BotTabSimple_5_Cancel	BuyAtMarketx1	CloseAllOrderToPositionx1,CloseAtLimitx1,CloseAtMarketx1,CloseAtStopOnServerx1,CloseAtStopOnServerCancelx23				AutoTestBots/ServerTests/BotTabSimple_5_Cancel.cs
AutoTestBots	BotTabSimple_6_AutoRestCancel	BuyAtMarketx1	CloseAllOrderToPositionx1,CloseAtMarketx2,CloseAtStopOnServerx1				AutoTestBots/ServerTests/BotTabSimple_6_AutoRestCancel.cs
AutoTestBots	Conn_1_Status						AutoTestBots/ServerTests/Conn_1_Status.cs
AutoTestBots	Conn_2_SubscrAllSec						AutoTestBots/ServerTests/Conn_2_SubscrAllSec.cs
AutoTestBots	Conn_3_Stress_Memory						AutoTestBots/ServerTests/Conn_3_Stress_Memory.cs
AutoTestBots	Conn_4_Validation_Candles						AutoTestBots/ServerTests/Conn_4_Validation_Candles.cs
AutoTestBots	Conn_5_Screener					SPECIAL	AutoTestBots/ServerTests/Conn_5_Screener.cs
AutoTestBots	Data_1_Integrity						AutoTestBots/ServerTests/Data_1_Integrity.cs
AutoTestBots	Data_2_Validation_Candles						AutoTestBots/ServerTests/Data_2_Validation_Candles.cs
AutoTestBots	Data_3_Validation_Trades						AutoTestBots/ServerTests/Data_3_Validation_Trades.cs
AutoTestBots	Data_4_Stress_Candles						AutoTestBots/ServerTests/Data_4_Stress_Candles.cs
AutoTestBots	Data_5_Stress_Trades						AutoTestBots/ServerTests/Data_5_Stress_Trades.cs
AutoTestBots	Orders_10_RequestLostDoneOrder				sma		AutoTestBots/ServerTests/Orders_10_RequestLostDoneOrder.cs
AutoTestBots	Orders_11_RequestLostMyTrades				sma		AutoTestBots/ServerTests/Orders_11_RequestLostMyTrades.cs
AutoTestBots	Orders_12_RequestOrdersList						AutoTestBots/ServerTests/Orders_12_RequestOrdersList.cs
AutoTestBots	Orders_13_StopOrders				sma		AutoTestBots/ServerTests/Orders_13_StopOrders.cs
AutoTestBots	Orders_14_StopLimitPlaceCancel						AutoTestBots/ServerTests/Orders_14_StopLimitPlaceCancel.cs
AutoTestBots	Orders_15_StopLimitRequestOnReconnect						AutoTestBots/ServerTests/Orders_15_StopLimitRequestOnReconnect.cs
AutoTestBots	Orders_16_StopTriggerOnReconnect				sma		AutoTestBots/ServerTests/Orders_16_StopTriggerOnReconnect.cs
AutoTestBots	Orders_1_FakeOrders						AutoTestBots/ServerTests/Orders_1_FakeOrders.cs
AutoTestBots	Orders_2_LimitsExecute				sma		AutoTestBots/ServerTests/Orders_2_LimitsExecute.cs
AutoTestBots	Orders_3_MarketOrders				sma		AutoTestBots/ServerTests/Orders_3_MarketOrders.cs
AutoTestBots	Orders_4_LimitCancel						AutoTestBots/ServerTests/Orders_4_LimitCancel.cs
AutoTestBots	Orders_5_ChangePrice						AutoTestBots/ServerTests/Orders_5_ChangePrice.cs
AutoTestBots	Orders_6_ChangePriceError						AutoTestBots/ServerTests/Orders_6_ChangePriceError.cs
AutoTestBots	Orders_7_Add_Move_Cancel_Spam						AutoTestBots/ServerTests/Orders_7_Add_Move_Cancel_Spam.cs
AutoTestBots	Orders_8_RequestOnReconnect						AutoTestBots/ServerTests/Orders_8_RequestOnReconnect.cs
AutoTestBots	Orders_9_RequestLostActivOrder						AutoTestBots/ServerTests/Orders_9_RequestLostActivOrder.cs
AutoTestBots	Portfolio_1_Validation				sma		AutoTestBots/ServerTests/Portfolio_1_Validation.cs
AutoTestBots	Var_1_Securities						AutoTestBots/ServerTests/Var_1_Securities.cs
AutoTestBots	Var_2_MarketDepth						AutoTestBots/ServerTests/Var_2_MarketDepth.cs
AutoTestBots	Var_3_Trades						AutoTestBots/ServerTests/Var_3_Trades.cs
High Frequency	Fisher	BuyAtLimitx1,SellAtLimitx1	CloseAllOrderToPositionx1,CloseAllPositionsx2,CloseAtLimitx2		bollinger,fisher,fisher_deleteevent,sma		High Frequency/Fisher.cs
High Frequency	HighFrequencyTrader	BuyAtLimitx2,SellAtLimitx2	CloseAllOrderToPositionx4,CloseAtMarketx1,CloseAtProfitx2,CloseAtStopx2				High Frequency/HighFrequencyTrader.cs
High Frequency	MarketDepthScreener	BuyAtLimitx1	CloseAllOrderToPositionx2,CloseAtLimitx1,CloseAtMarketx1		momentum,momentumlen,sma	SPECIAL	High Frequency/MarketDepthScreener.cs
Dividends	DividendCaptureScreener	BuyAtIcebergMarketx1	CloseAtIcebergMarketx1		sma	SPECIAL	Dividends/DividendCaptureScreener.cs
Dividends	KeltnerDividendScreener	BuyAtIcebergMarketx1	CloseAtIcebergMarketx1		atr,ema,keltner,keltnerchannel,keltnerdividendscreener,keltnerdividendscreener_deleteevent,keltnerdividendscreener_parametrschangebyuser	SPECIAL	Dividends/KeltnerDividendScreener.cs
Dividends	ShortBadDividends	SellAtIcebergMarketx1	CloseAtIcebergMarketx1		adx,donchian,pricechannel,pricechanneladaptive	SPECIAL	Dividends/ShortBadDividends.cs
Rebalancers	RebalancerByDividendQuality	BuyAtMarketx1	CloseAllStockPositionsx3,CloseAtMarketx3			SPECIAL	Rebalancers/RebalancerByDividendQuality.cs
Rebalancers	RebalancerByMomentum	BuyAtIcebergMarketx1,BuyAtMarketx2,SellAtIcebergMarketx1	CloseAtIcebergMarketx2,CloseAtMarketx3		atr,ema,keltner,keltnerchannel,keltnergold,momentum,momentumarea,momentumgold	SPECIAL	Rebalancers/RebalancerByMomentum.cs
Rebalancers	RebalancerClassicDividend	BuyAtMarketx2,BuyAtMarketToPositionx1	CloseAllStockPositionsx2,CloseAtMarketx5		sma	SPECIAL	Rebalancers/RebalancerClassicDividend.cs
Helpers	DcaTimeBot	BuyAtMarketx1,SellAtMarketx1					Helpers/DcaTimeBot.cs
Helpers	LiquidityAnalyzer						Helpers/LiquidityAnalyzer.cs
Helpers	PayOfMarginBot						Helpers/PayOfMarginBot.cs
Helpers	TmonRebalancer	BuyAtIcebergx1,BuyAtIcebergToPositionx1,BuyAtLimitx1,BuyAtLimitToPositionx1	CloseAtMarketx3			SPECIAL	Helpers/TMONRebalancer.cs
Helpers	TaxPayer						Helpers/TaxPayer.cs
Funding	ArbitrageFunding	BuyAtMarketx2,SellAtMarketx2	CloseAllAtMarketx1			SPECIAL	Funding/ArbitrageFunding.cs
Funding	TakeFunding	BuyAtMarketx2,SellAtMarketx2	CloseAllAtMarketx2				Funding/TakeFunding.cs
